{"count":1,"gauges":{"Drone Behaviour.CumulativeReward":{"count":2,"max":-0.7857146,"min":-0.833333731,"value":-0.7857146,"weightedAverage":-0.821428955}},"self":12.0744528,"total":12.567969999999999,"children":{"AgentSendState":{"count":33,"self":0.0084079999999999988,"total":0.028709,"children":{"CollectObservations":{"count":53,"self":0.020301,"total":0.020301,"children":null}}},"DecideAction":{"count":33,"self":0.001486,"total":0.001486,"children":null},"AgentAct":{"count":33,"self":0.460576,"total":0.460576,"children":null}}}