{"count":1,"gauges":{"Drone.CumulativeReward":{"count":6,"max":0.617647052,"min":0.0294117648,"value":0.0882353,"weightedAverage":0.309857547}},"self":8.0896016,"total":10.124393999999999,"children":{"AgentSendState":{"count":50,"self":0.011085999999999999,"total":0.040034,"children":{"CollectObservations":{"count":67,"self":0.028947999999999998,"total":0.028947999999999998,"children":null}}},"DecideAction":{"count":50,"self":1.30356,"total":1.497137,"children":{"RenderTexSensor.GetCompressedObservation":{"count":67,"self":0.193577,"total":0.193577,"children":null}}},"AgentAct":{"count":50,"self":0.496451,"total":0.496451,"children":null}}}