{"count":1,"gauges":{"My Behavior.CumulativeReward":{"count":4,"max":0.2307692,"min":-0.153846145,"value":-0.153846145,"weightedAverage":0.08413461}},"self":1.0981269999999999,"total":3.664522,"children":{"AgentSendState":{"count":85,"self":0.012162,"total":0.033728999999999995,"children":{"CollectObservations":{"count":68,"self":0.021567,"total":0.021567,"children":null}}},"DecideAction":{"count":85,"self":1.945269,"total":2.151668,"children":{"RenderTexSensor.GetCompressedObservation":{"count":68,"self":0.206399,"total":0.206399,"children":null}}},"AgentAct":{"count":85,"self":0.37981699999999996,"total":0.37981699999999996,"children":null}}}