{"count":1,"gauges":{"Drone.CumulativeReward":{"count":6,"max":0,"min":0,"value":0,"weightedAverage":0}},"self":7397.0614271999993,"total":7471.1278189999994,"children":{"AgentSendState":{"count":16584,"self":0.512068,"total":1.457009,"children":{"CollectObservations":{"count":2368,"self":0.94494099999999992,"total":0.94494099999999992,"children":null}}},"DecideAction":{"count":16584,"self":64.0856448,"total":71.897227,"children":{"RenderTexSensor.GetCompressedObservation":{"count":2368,"self":7.8115831999999994,"total":7.811583,"children":null}}},"AgentAct":{"count":16584,"self":0.71039999999999992,"total":0.71039999999999992,"children":null}}}