{"count":1,"gauges":{"Drone.CumulativeReward":{"count":3,"max":0.00999999,"min":0,"value":0.00999999,"weightedAverage":0.00249999762}},"self":7.8771055999999993,"total":9.438784,"children":{"AgentSendState":{"count":383,"self":0.010699,"total":0.017398,"children":{"CollectObservations":{"count":20,"self":0.006699,"total":0.006699,"children":null}}},"DecideAction":{"count":383,"self":0.627277,"total":0.68765,"children":{"RenderTexSensor.GetCompressedObservation":{"count":20,"self":0.060372999999999996,"total":0.060372999999999996,"children":null}}},"AgentAct":{"count":383,"self":0.855371,"total":0.855371,"children":null}}}