{"count":1,"gauges":{"Drone.CumulativeReward":{"count":1,"max":0.06666667,"min":0.06666667,"value":0.06666667,"weightedAverage":0.06666667}},"self":40.5402816,"total":41.130234,"children":{"AgentSendState":{"count":2020,"self":0.10539899999999999,"total":0.113218,"children":{"CollectObservations":{"count":7,"self":0.007819,"total":0.007819,"children":null}}},"DecideAction":{"count":2020,"self":0.310656,"total":0.35705699999999996,"children":{"RenderTexSensor.GetCompressedObservation":{"count":7,"self":0.046401,"total":0.046401,"children":null}}},"AgentAct":{"count":2020,"self":0.118169,"total":0.118169,"children":null}}}