{"count":1,"gauges":{"My Behavior.CumulativeReward":{"count":3,"max":0.03846154,"min":-0.423076957,"value":-0.230769217,"weightedAverage":-0.288461536}},"self":15.261334399999999,"total":16.777472,"children":{"AgentSendState":{"count":25,"self":0.013708999999999999,"total":0.137744,"children":{"CollectObservations":{"count":49,"self":0.12403499999999999,"total":0.12403499999999999,"children":null}}},"DecideAction":{"count":25,"self":0.984497,"total":1.124555,"children":{"RenderTexSensor.GetCompressedObservation":{"count":49,"self":0.140058,"total":0.140058,"children":null}}},"AgentAct":{"count":25,"self":0.252674,"total":0.252674,"children":null}}}