{"count":1,"gauges":{"Drone.CumulativeReward":{"count":3,"max":1,"min":0.16,"value":0.16,"weightedAverage":0.7075}},"self":9.5338224,"total":11.09851,"children":{"AgentSendState":{"count":54,"self":0.0078529999999999989,"total":0.028988999999999997,"children":{"CollectObservations":{"count":37,"self":0.021136,"total":0.021136,"children":null}}},"DecideAction":{"count":54,"self":1.1168369999999999,"total":1.283783,"children":{"RenderTexSensor.GetCompressedObservation":{"count":37,"self":0.16694599999999998,"total":0.16694599999999998,"children":null}}},"AgentAct":{"count":54,"self":0.250799,"total":0.250799,"children":null}}}