{
  "name": "root",
  "gauges": [
    {
      "name": "Drone Behaviour.mean_reward",
      "value": -0.20444443987475502,
      "min": -0.21830507986626382,
      "max": 0.04410256324415533,
      "count": 358
    }
  ],
  "total": 8920.061927741,
  "count": 1,
  "self": 54.03286977381504,
  "children": [
    {
      "name": "TrainerController.advance",
      "total": 8866.029057967186,
      "count": 30516,
      "self": 1.0161452197498875,
      "children": [
        {
          "name": "env_step",
          "total": 2365.9873392744776,
          "count": 30516,
          "self": 660.6548325242329,
          "children": [
            {
              "name": "SubprocessEnvManager._take_step",
              "total": 1698.5158634865074,
              "count": 358561,
              "self": 1698.5158634865074
            },
            {
              "name": "workers",
              "total": 6.816643263737205,
              "count": 30515,
              "self": 0.0,
              "children": [
                {
                  "name": "worker_root",
                  "total": 124774.28591914037,
                  "count": 358558,
                  "is_parallel": true,
                  "self": 118164.51531235989,
                  "children": [
                    {
                      "name": "batched_step_result_from_proto",
                      "total": 0.6028911230823724,
                      "count": 14,
                      "is_parallel": true,
                      "self": 0.028435631102183834,
                      "children": [
                        {
                          "name": "_process_visual_observation",
                          "total": 0.5744554919801885,
                          "count": 14,
                          "is_parallel": true,
                          "self": 0.001767667941749096,
                          "children": [
                            {
                              "name": "observation_to_np_array",
                              "total": 0.5726878240384394,
                              "count": 14,
                              "is_parallel": true,
                              "self": 0.00306685603572987,
                              "children": [
                                {
                                  "name": "process_pixels",
                                  "total": 0.5696209680027096,
                                  "count": 14,
                                  "is_parallel": true,
                                  "self": 0.012634733982849866,
                                  "children": [
                                    {
                                      "name": "image_decompress",
                                      "total": 0.5569862340198597,
                                      "count": 14,
                                      "is_parallel": true,
                                      "self": 0.5569862340198597
                                    }
                                  ]
                                }
                              ]
                            }
                          ]
                        }
                      ]
                    },
                    {
                      "name": "UnityEnvironment.step",
                      "total": 6609.167715657401,
                      "count": 358558,
                      "is_parallel": true,
                      "self": 52.41113618655072,
                      "children": [
                        {
                          "name": "UnityEnvironment._generate_step_input",
                          "total": 40.3705522002565,
                          "count": 358558,
                          "is_parallel": true,
                          "self": 40.3705522002565
                        },
                        {
                          "name": "communicator.exchange",
                          "total": 6017.365802186425,
                          "count": 358558,
                          "is_parallel": true,
                          "self": 6017.365802186425
                        },
                        {
                          "name": "batched_step_result_from_proto",
                          "total": 499.0202250841685,
                          "count": 358558,
                          "is_parallel": true,
                          "self": 90.25926370099478,
                          "children": [
                            {
                              "name": "_process_visual_observation",
                              "total": 408.7609613831737,
                              "count": 358558,
                              "is_parallel": true,
                              "self": 28.299804914931883,
                              "children": [
                                {
                                  "name": "observation_to_np_array",
                                  "total": 380.4611564682418,
                                  "count": 759293,
                                  "is_parallel": true,
                                  "self": 24.626910365841468,
                                  "children": [
                                    {
                                      "name": "process_pixels",
                                      "total": 355.83424610240036,
                                      "count": 759293,
                                      "is_parallel": true,
                                      "self": 87.00859129217861,
                                      "children": [
                                        {
                                          "name": "image_decompress",
                                          "total": 268.82565481022175,
                                          "count": 759293,
                                          "is_parallel": true,
                                          "self": 268.82565481022175
                                        }
                                      ]
                                    }
                                  ]
                                }
                              ]
                            }
                          ]
                        }
                      ]
                    }
                  ]
                }
              ]
            }
          ]
        },
        {
          "name": "trainer_advance",
          "total": 6499.025573472958,
          "count": 30515,
          "self": 7.571057448658394,
          "children": [
            {
              "name": "process_trajectory",
              "total": 361.7778785493574,
              "count": 30515,
              "self": 361.7778785493574
            },
            {
              "name": "_update_policy",
              "total": 6129.676637474942,
              "count": 30498,
              "self": 0.7615173502272228,
              "children": [
                {
                  "name": "SACTrainer._update_policy",
                  "total": 6128.915120124715,
                  "count": 30498,
                  "self": 1199.4169161655882,
                  "children": [
                    {
                      "name": "SACPolicy.update",
                      "total": 4929.498203959127,
                      "count": 30498,
                      "self": 4929.498203959127
                    }
                  ]
                }
              ]
            }
          ]
        }
      ]
    }
  ]
}