{
  "name": "root",
  "gauges": [
    {
      "name": "Drone.mean_reward",
      "value": 0.6312101848043834,
      "min": -0.16933332954843838,
      "max": 0.637079358692207,
      "count": 169
    }
  ],
  "total": 9751.256551511993,
  "count": 1,
  "self": 916.330163711551,
  "children": [
    {
      "name": "TrainerController.advance",
      "total": 8834.926387800442,
      "count": 28373,
      "self": 1.0398811453778762,
      "children": [
        {
          "name": "env_step",
          "total": 2333.8261362858757,
          "count": 28373,
          "self": 654.0806876401039,
          "children": [
            {
              "name": "SubprocessEnvManager._take_step",
              "total": 1673.0584035160573,
              "count": 339612,
              "self": 1673.0584035160573
            },
            {
              "name": "workers",
              "total": 6.687045129714534,
              "count": 28373,
              "self": 0.0,
              "children": [
                {
                  "name": "worker_root",
                  "total": 134496.45270257856,
                  "count": 339612,
                  "is_parallel": true,
                  "self": 128133.36838592618,
                  "children": [
                    {
                      "name": "batched_step_result_from_proto",
                      "total": 0.8198192879935959,
                      "count": 14,
                      "is_parallel": true,
                      "self": 0.03947123297257349,
                      "children": [
                        {
                          "name": "_process_visual_observation",
                          "total": 0.7803480550210224,
                          "count": 14,
                          "is_parallel": true,
                          "self": 0.003126358045847155,
                          "children": [
                            {
                              "name": "observation_to_np_array",
                              "total": 0.7772216969751753,
                              "count": 14,
                              "is_parallel": true,
                              "self": 0.016377714986447245,
                              "children": [
                                {
                                  "name": "process_pixels",
                                  "total": 0.760843981988728,
                                  "count": 14,
                                  "is_parallel": true,
                                  "self": 0.017501651964266784,
                                  "children": [
                                    {
                                      "name": "image_decompress",
                                      "total": 0.7433423300244613,
                                      "count": 14,
                                      "is_parallel": true,
                                      "self": 0.7433423300244613
                                    }
                                  ]
                                }
                              ]
                            }
                          ]
                        }
                      ]
                    },
                    {
                      "name": "UnityEnvironment.step",
                      "total": 6362.264497364391,
                      "count": 339612,
                      "is_parallel": true,
                      "self": 50.711613590669,
                      "children": [
                        {
                          "name": "UnityEnvironment._generate_step_input",
                          "total": 39.55860900015978,
                          "count": 339612,
                          "is_parallel": true,
                          "self": 39.55860900015978
                        },
                        {
                          "name": "communicator.exchange",
                          "total": 5792.256767012368,
                          "count": 339612,
                          "is_parallel": true,
                          "self": 5792.256767012368
                        },
                        {
                          "name": "batched_step_result_from_proto",
                          "total": 479.73750776119414,
                          "count": 339612,
                          "is_parallel": true,
                          "self": 86.91483340712148,
                          "children": [
                            {
                              "name": "_process_visual_observation",
                              "total": 392.82267435407266,
                              "count": 339612,
                              "is_parallel": true,
                              "self": 27.52982280573633,
                              "children": [
                                {
                                  "name": "observation_to_np_array",
                                  "total": 365.29285154833633,
                                  "count": 723574,
                                  "is_parallel": true,
                                  "self": 23.775767510873266,
                                  "children": [
                                    {
                                      "name": "process_pixels",
                                      "total": 341.51708403746306,
                                      "count": 723574,
                                      "is_parallel": true,
                                      "self": 83.16417426016415,
                                      "children": [
                                        {
                                          "name": "image_decompress",
                                          "total": 258.3529097772989,
                                          "count": 723574,
                                          "is_parallel": true,
                                          "self": 258.3529097772989
                                        }
                                      ]
                                    }
                                  ]
                                }
                              ]
                            }
                          ]
                        }
                      ]
                    }
                  ]
                }
              ]
            }
          ]
        },
        {
          "name": "trainer_advance",
          "total": 6500.060370369189,
          "count": 28373,
          "self": 7.396644395805197,
          "children": [
            {
              "name": "process_trajectory",
              "total": 376.1656983766734,
              "count": 28373,
              "self": 376.1656983766734
            },
            {
              "name": "_update_policy",
              "total": 6116.49802759671,
              "count": 28318,
              "self": 0.7189522854168899,
              "children": [
                {
                  "name": "SACTrainer._update_policy",
                  "total": 6115.779075311293,
                  "count": 28318,
                  "self": 1290.5909295000747,
                  "children": [
                    {
                      "name": "SACPolicy.update",
                      "total": 4825.188145811218,
                      "count": 28318,
                      "self": 4825.188145811218
                    }
                  ]
                }
              ]
            }
          ]
        }
      ]
    }
  ]
}