{
  "name": "root",
  "gauges": [
    {
      "name": "Drone.mean_reward",
      "value": 0.4257099407339661,
      "min": -0.13298139818267435,
      "max": 0.43904881264935147,
      "count": 954
    }
  ],
  "total": 40263.45402101398,
  "count": 1,
  "self": 3001.2729584150366,
  "children": [
    {
      "name": "TrainerController.advance",
      "total": 37262.181062598946,
      "count": 102070,
      "self": 3.5608520963578485,
      "children": [
        {
          "name": "env_step",
          "total": 12500.557222586984,
          "count": 102070,
          "self": 4087.471958629714,
          "children": [
            {
              "name": "SubprocessEnvManager._take_step",
              "total": 8388.818924963765,
              "count": 1272927,
              "self": 8388.818924963765
            },
            {
              "name": "workers",
              "total": 24.266338993504178,
              "count": 102070,
              "self": 0.0,
              "children": [
                {
                  "name": "worker_root",
                  "total": 562024.8022024384,
                  "count": 1272926,
                  "is_parallel": true,
                  "self": 523830.2948652233,
                  "children": [
                    {
                      "name": "batched_step_result_from_proto",
                      "total": 0.44669959699967876,
                      "count": 14,
                      "is_parallel": true,
                      "self": 0.030857866993756033,
                      "children": [
                        {
                          "name": "_process_visual_observation",
                          "total": 0.4158417300059227,
                          "count": 14,
                          "is_parallel": true,
                          "self": 0.0021298020001268014,
                          "children": [
                            {
                              "name": "observation_to_np_array",
                              "total": 0.4137119280057959,
                              "count": 14,
                              "is_parallel": true,
                              "self": 0.0019910439586965367,
                              "children": [
                                {
                                  "name": "process_pixels",
                                  "total": 0.4117208840470994,
                                  "count": 14,
                                  "is_parallel": true,
                                  "self": 0.017326302055153064,
                                  "children": [
                                    {
                                      "name": "image_decompress",
                                      "total": 0.3943945819919463,
                                      "count": 14,
                                      "is_parallel": true,
                                      "self": 0.3943945819919463
                                    }
                                  ]
                                }
                              ]
                            }
                          ]
                        }
                      ]
                    },
                    {
                      "name": "UnityEnvironment.step",
                      "total": 38194.06063761808,
                      "count": 1272926,
                      "is_parallel": true,
                      "self": 198.85034664307022,
                      "children": [
                        {
                          "name": "UnityEnvironment._generate_step_input",
                          "total": 171.75527016287379,
                          "count": 1272926,
                          "is_parallel": true,
                          "self": 171.75527016287379
                        },
                        {
                          "name": "communicator.exchange",
                          "total": 35383.72401907566,
                          "count": 1272926,
                          "is_parallel": true,
                          "self": 35383.72401907566
                        },
                        {
                          "name": "batched_step_result_from_proto",
                          "total": 2439.73100173648,
                          "count": 1272926,
                          "is_parallel": true,
                          "self": 342.0175552999135,
                          "children": [
                            {
                              "name": "_process_visual_observation",
                              "total": 2097.7134464365663,
                              "count": 1272926,
                              "is_parallel": true,
                              "self": 139.13287104520714,
                              "children": [
                                {
                                  "name": "observation_to_np_array",
                                  "total": 1958.5805753913592,
                                  "count": 4043418,
                                  "is_parallel": true,
                                  "self": 125.11701802090101,
                                  "children": [
                                    {
                                      "name": "process_pixels",
                                      "total": 1833.4635573704581,
                                      "count": 4043418,
                                      "is_parallel": true,
                                      "self": 442.0994118541712,
                                      "children": [
                                        {
                                          "name": "image_decompress",
                                          "total": 1391.364145516287,
                                          "count": 4043418,
                                          "is_parallel": true,
                                          "self": 1391.364145516287
                                        }
                                      ]
                                    }
                                  ]
                                }
                              ]
                            }
                          ]
                        }
                      ]
                    }
                  ]
                }
              ]
            }
          ]
        },
        {
          "name": "trainer_advance",
          "total": 24758.062987915604,
          "count": 102070,
          "self": 26.531993565062294,
          "children": [
            {
              "name": "process_trajectory",
              "total": 2016.3262730012648,
              "count": 102070,
              "self": 2016.3262730012648
            },
            {
              "name": "_update_policy",
              "total": 22715.204721349277,
              "count": 102032,
              "self": 2.29228068581142,
              "children": [
                {
                  "name": "SACTrainer._update_policy",
                  "total": 22712.912440663466,
                  "count": 102032,
                  "self": 4973.635358477215,
                  "children": [
                    {
                      "name": "SACPolicy.update",
                      "total": 17739.27708218625,
                      "count": 102032,
                      "self": 17739.27708218625
                    }
                  ]
                }
              ]
            }
          ]
        }
      ]
    }
  ]
}